Name,Price
Fresh Fri Fresh Fri Triple Refined Vegetable Cooking Oil - 3 Litres,KSh 799
Kabras Kabras Premium White Sugar - 2kg,KSh 267
Pembe Pembe All Purpose Home Baking Flour - 2Kg,KSh 199
Kabras Kabras Premium White Sugar - 1kg,KSh 123
Pembe Pembe Maize Meal – 2Kg,KSh 199
Fanta Fanta Blackcurrant Soda - 2 litres,KSh 170
Coke Coke Soda - 2 Litres,KSh 170
Fanta Fanta Passion Soda - 2 litre,KSh 170
Sprite Sprite Soda - 2 Litres,KSh 170
Fanta Fanta Orange Soda - 2 litres,KSh 170
Coke Coke Zero Soda - 2 litres,KSh 170
Indomie Indomie Chicken Noodles - 70g (Pack Of 5),KSh 140
Fashion 4Pairs Finest Cotton Freesize Unisex Plain Invisible Socks,KSh 167
Fanta Fanta Blackcurrant Soda - 500ml,KSh 52
Fashion 16 Inch Laptop Backpack Bag Men Business With USB Waterproof _Black,KSh 999
Amana Pishori - 5kg,"KSh 1,213"
Deliya 2200W Hair Dryer Hair Blow Dryer Styling Tools+ 6 Gifts,"KSh 1,790"
Dr. Rashel Vitamin C Brightening & Anti-Aging Face Serum -50ml.,KSh 271
Garnier Pure Active 3 In1 Charcoal Anti Blackhead Mask Wash Scrub -150ml,KSh 543
Pembe Pembe All Purpose Home Baking Flour – 1Kg,KSh 97
Garnier Even And Matte - Vitamin C Booster Serum,KSh 999
Garnier Even & Matte Dark Spot Corrector,KSh 490
"Vision Plus Frameless 32"" Digital HD LED TV - Black + FREE WALL MOUNT","KSh 10,895"
Fashion 6Pcs Pure Cotton Checked Men's Boxers – Multicolor,KSh 840 - KSh 880
HP V250W Flash Disk With Clip - 64GB - Silver,KSh 734
Fashion Ladies Handbags Women Tote Shoulder Bags Set Wallet Leather 4 In 1-Pink,KSh 879
"Annov Automatic Electric Kettle, 2L+OTG Cable+Earphones","KSh 1,022"
Michaels Bouquet PEARL #1 50ml Eau De Parfum,KSh 500
"Nexus NXK-KET-402SS Electric Kettle, 1.8 Litres - Stainless Steel",KSh 929
Fashion 5PCs Finest Comfort Cotton Freesize Unisex Ankle Socks,KSh 215
Garnier Moisture Bomb Hyaluronic Acid & Orange Juice Eye Tissue Mask,KSh 135
Golden All Purpose Home Baking Wheat Flour,KSh 194
Fashion Mens Business Lightweight Jackets Zipper Trench Coats Blazers,"KSh 1,720"
Fashion Ladies Handbags Shoulder Tote Bag Set Women Wallet Leather 4 In 1-Black,KSh 879
Nova 2 In 1 Curling Iron Hair Straightener Flat Iron Styling Tools,KSh 860
"XIAOMI Redmi 10A, 6.53"", 3GB+64GB, 13.0MP, 5000mAh, 4G LTE, Dual SIM - Graphite Grey","KSh 13,799"
Fashion 17 Pcs Golden Rings Women Bohemian Rings Jewelry,KSh 259
T&G Portable Wireless Bluetooth Speaker-Black,KSh 999
Romantic May 2 IN 1 Mascara And Eyeliner,KSh 160
Coke Coke Soda - 500 ml,KSh 55
Coke Soda Multipack Assorted Flavors - 2 Litres,KSh 645
Exe Exe All Purpose Flour 2kg,KSh 195
"Generic 14""-42"" TV Flat Panel Wall Bracket Holder Black",KSh 343
Dark And Lovely Waterless Cleanser 250 Ml,KSh 595
Jogoo Jogoo Maize Meal - 2Kg,KSh 180
Soko Soko Wheat flour - 2Kg,KSh 202
Geisha Shea & Almond Beauty Bar Soap - 125g,KSh 87
Kensalt Kensalt Iodized Table Salt – 500g,KSh 18
Sprite Soda - 350 ml - Pack of 24,"KSh 1,200"
Generic False Eyelashes Set 5 Pairs Styles 3D Mixed,KSh 166
Seagrams Seagrams Imperial Blue Whiskey - 750ml,KSh 980
Fashion 4-in-1 Men's Shirts Cotton Short Sleeve T-shirt,"KSh 1,441 - KSh 1,637"
Indomie Chicken Jumbo - 120g - Pack of 20,KSh 675
Hifinit 32 Inch Frameless Digital HD Ready LED TV - Black,"KSh 11,639"
Fanta Fanta Passion Soda - 500 ml,KSh 55
Stoney Stoney Tangawizi Soda - 500 Ml,KSh 55
Ushindi Multi Purpose Bar Soap - 1kg,KSh 199
ARHANORY Ladies Wallet Clutch Bags For Women Leather Waterproof-Orange,KSh 799
Lucozade Lucozade Boost – 250ml,KSh 75
Maybelline Lasting Fix Setting Spray,"KSh 1,006"
Dawn Pekee Smart Toilet Paper 10 Pack Wrapped,KSh 181
Garnier Skin Active Pure Charcoal Black Tissue Face Mask,KSh 191
Fashion 3PACK Pure Cotton Brief Boxers Men's Underwear,KSh 505
Garnier Micellar Cleansing Water With Vitamin C,KSh 248
Prestige Prestige Margarine – Original – 1kg,KSh 385
Colgate Herbal Toothpaste,KSh 240
Garnier Even & Matte Gentle Cleansing Foam - 100ml,KSh 398
Fashion Mens Fabric Shoes -Brown,KSh 788
Dr. Rashel Vitamin C Brightening & Anti-Aging Face Serum + Face Creme,KSh 527
Nude 9 Colors Makeup Eyeshadow Palette Eye Shadow Glitter,KSh 299
Wlisth Top Brand Men Fashion Sport Quartz Business Watch,"KSh 1,190"
Waanzilish Mens Sneakers Shoes Breathable Sneakers Sport Shoes Causal Shoes-White,KSh 959
"XIAOMI Redmi 9A, 6.53"", 2GB+32GB, 13.0MP, 5000mAh, 4G LTE, Dual SIM - Grey","KSh 10,399"
Generic 6Pcs HANDAIYAN Brand Waterproof Matte Lipstick Lip Gloss,KSh 890
"Vitron 4368FS,43"" Inch FHD Smart Android TV NetflixYoutube+ 4 GIFTS","KSh 24,999"
Waanzilish Mens Sneakers Sports Shoes Breathable Casual Running Shoes-Black,KSh 659
Generic 5 Layers Shoe Rack Assemble Portable Home Storage,KSh 800
Menengai Menengai Cream Bar Soap - 800g,KSh 214
Kcc Gold Crown Long Life Milk 500ml fino - Pack of 12,KSh 684
Garnier Even & Matte Normal To Oily Skin Face Moisturizer – 40ml,KSh 446
Bisutang Fresh Aloe Hyaluronic Acid Essence Moisturizing Facial Mask,KSh 75 - KSh 149
Generic 5 By 6 Purple Mosquito Net With  Portable Metallic  Stand,"KSh 1,275"
Nutrameal Nutrameal Packed Sugar – 1Kg,KSh 130
Menengai Menengai Lemon Bar Soap - 900g,KSh 225
Omo Extra Fresh Powder 1kg + Free 300g,KSh 499
Brown& Yellow Teeth Whitening Essence Pro,KSh 343
Ace Elec Apds Pro 4 Bluetooth Stereo Headsets,KSh 990
"Vitron HTC4068S,40"" Inch Smart  TV  Inbuilt WIFI Netflix, Youtube+FREE TV Guard+Bracket","KSh 20,998"
Chapa Mandashi Chapa Mandashi Baking Powder – 100g,KSh 33
Annov Two-tier Stainless Steel Dish Rack PLUS 1SPOON  1FORK,"KSh 1,299"
Blue Band Blue Band Blue Band Margarine Original – 1kg,KSh 460
Menengai Menengai Cream Bar Soap - 1kg,KSh 277
Zoe Zoe Scented Lotion Velvet Caramel - 400ML,KSh 180
Garnier Skin Active Hydrabomb Pomegranate Tissue Face Mask,KSh 210
ARHANORY Ladies Wallet Women Leather Waterproof-Black,KSh 899
Kensalt Kensalt Iodized Table Salt – 1kg,KSh 35
Waanzilish Mens Sneakers Shoes Breathable Sneakers Sport Shoes Causal Shoes -Black,KSh 959
"XIAOMI Redmi 9C 6.53'', 4GB+128GB, 13MP+2MP+2MP Camera, 4G, Dual SIM - Aurora Green","KSh 15,999"
Postman Vegetable Oil Plastic Jerican - 10Ltr,"KSh 2,618"
Generic Round Mosquito Net- Free Size,KSh 799 - KSh 880
Generic LED 2.4G Rechargeable Wireless Mouse,KSh 610
Fashion Men Watches Quartz Wrist Watch LED Backlight,KSh 610
Oppo A83 64GB+4GB RAM - 4G LTE Dual SIM - 5.7-inch Display - Face Unlock -(Gold),"KSh 7,999"
Fashion Men's Sneakers Shoes,"KSh 1,350"
Toilex Poa Toilet Paper White 10 Pack Unwrapped,KSh 204
Qwen Flash Disks 64GB USB Flash Drive High Speed,KSh 679
"Annov Blender & Grinder - 1.6L, 350W + 1Spoon 1Fork- Red","KSh 2,499"
Generic Disposable Face Mask With Elastic Earloop 3-ply Soft (5pcs),KSh 99
Waanzilish Men's Shoes Sneakers Trendy Shoes Lightweight Breathable Sneakers-Multi-color,"KSh 1,299 - KSh 1,399"
Fashion Mens Sneakers Mens Fashion Sneakers Trendy Casual Shoes Sport Sneakers,"KSh 1,890"
ARHANORY Tripod Stand Phone Ring Light Selfie Stick-Black,KSh 649
Fashion 4 In 1 Ladies Handbags Women Tote Shoulder Bag Set Leather Waterproof-Brown,"KSh 1,011"
Fashion Women Small Shoulder Bags Sling Bags-White,KSh 630
Amana Pishori - 2kg,KSh 500
Tusker Tusker Lager Can - 500ml - Pack of 6,"KSh 1,066"
"HP Chromebook 11 G5 EE(refurb)Intel 11.6"" 4GB RAM+(16GB EMCC)1366x768 Intel Celeron Dual Core","KSh 12,999"
RichRipple Fast Charging 10000mAh Power Bank Mirror Black.,KSh 899
Fashion 6-Pack Men's Cotton Woven Boxers - Assorted,KSh 829 - KSh 999
"Fashion Sexiest Black Mock Neck Stretchy Bodycon Dress (Hips 34-42"" Fit)",KSh 420
Fashion Men's Tooling High-top Platform Martin Boots,"KSh 1,576 - KSh 1,599"
HP 32GB Metallic Flash Disk Pen Drive +Free OTG Cable,KSh 575
Garnier Micellar Cleansing Water - 400ml,KSh 363
Elegant Coffee Pot Stainless Steel Ware Kettle Vacuum Flask-2L,"KSh 1,399"
"Generic Y68 Fitness Health & Lifestyle Smartwatch,FREE D.W",KSh 888
Dove Essential Nourishment Lotion 100ml + FREE 100ml Dove Lotion,KSh 150
Fanta Fanta Orange Soda - 500 ml,KSh 55
Fashion 3 Pieces Of Adjustable Baseball Cap - Multicolour,KSh 636
Fashion 16 Inch Laptop Backpack Bags Men Business With USB-Gray,KSh 791
                                                                                                                                                                                                                                                                                                                                                                                                                                                                                                                                                                                                                                                                                                                                                                                                                                                                                                                                                                                                                                                                                                                                                                                                                                                                                                                                                                                                                                                                                                                                                                                                                                                                                                                                                                                                                                                                                                                                                                                                                                                                                                                                                                                                                                                                                                                                                                                                                                                                                                                                                                                                                                                                                                                                                                                                                                                                                                                                                                                                                                                                                                                                                                                                                                                                                                                                                                                                                                                                                                                                                                                                                                                                                                                                                                                                                                                                                                                                                                                                                                                                                                                                                                                                                                                                                                                                                                                                                                                                                                                                                                                                                                                                                                                                                                                                                                                                                                                                                                                                                                                                                                                                                                                                                                                                                                                                                                                                                                                                                                                                                                                                                                                                                                                                                                                                                                                                                                                                                                                                                                                                                                                                                                                                                                                                                                                                                                                                                                                                                                                                                                                                                                                                                                                                                                                                                                                                                                                                                                                                                                                                                                                                                                                                                                                                                                                                                                                                                                                                                                                                                                                                                                                                                                                                                                                                                                                                                                                                                                                                                                                                                                                                                                                                                                                                                                                                                                                                                                                                                                                                                                                                                                                                                                                                                                                                                                                                                                                                                                                                                                                                                                                                                                                                                                                                                                                                                                                                                                                                                                                                                                                                                                                                                                                                                                                                                                                                                                                                                                                                                                                                                                                                                                                                                                                                                                                                                                                                                                                                                                                                                                                                                                                                                                                                                                                                                                                                                                                                                                                                                                                                                                                                                                                                                                                                                                                                                                                                                                                                                                                                                                                                                                                                                                                                                                                                                                                                                                                                                                                                                                                                                                                                                                                                                                                                                                                                                                                                                                                                                                                                                                                                                                                                                                                                                                                                                                                                                                                                                                                                                                                                                                                                                                                                                                                                                                                                                                                                                                                                                                                                                                                                                                                                                                                                                                                                                                                                                                                                                                                                                                                                                                                                                                                                                                                                                                                                                                                                                                                                                                                                                                                                                                                                                                                                                                                                                                                                                                                                                                                                                                                                                                                                                                                                                                                                                                                                                                                                                                                                                                                                                                                                                                                                                                                                                                                                                                                                                                                                                                                                                                                                                                                                                                                                                                                                                                                                                                                                                                                                                                                                                                                                                                                                                                                                                                                                                                                                                                                                                                                                                                                                                                                                                                                                                                                                                                                                                                                                                                                                                                                                                                                                                                                                                                                                                                                                                                                                                                                                                                                                                                                                                                                                                                                                                                                                                                                                                                                                                                                                                                                                                                                                                                                                                                                                                                                                                                                                                                                                                                                                                                                                                                                                                                                                                                                                                                                                                                                                                                                                                                                                                                                                                                                                                                                                                                                                                                                                                                                                                                                                                                                                                                                                                                                                                                                                                                                                                                                                                                                                                                                                                                                                                                                                                                                                                                                                                                                                                                                                                                                                                                                                                                                                                                                                                                                                                                                                                                                                                                                                                                                                                                                                                                                                                                                                                                                                                                                                                                                                                                                                                                                                                                                                                                                                                                                                                                                                                                                                                                                                                                                                                                                                                                                                                                                                                                                                                                                                                                                                                                                                                                                                                                                                                                                                                                                                                                                                                                                                                                                                                                                                                                                                                                                                                                                                                                                                                                                                                                                                                                                                                                                                                                                                                                                                                                                                                                                                                                                                                                                                                                                                                                                                                                                                                                                                                                                                                                                                                                                                                                                                                                                                                                                                                                                                                                                                                                                                                                                                                                                                                                                                                                                                                                                                                                                                                                                                                                                                                                                                                                                                                                                                                                                                                                                                                                                                                                                                                                                                                                                                                                                                                                                                                                                                                                                                                                                                                                                                                                                                                                                                                                                                                                                                                                                                                                                                                                                                                                                                                                                                                                                                                                                                                                                                                                                                                                                                                                                                                                                                                                                                                                                                                                                                                                                                                                                                                                                                                                                                                                                                                                                                                                                                                                                                                                                                                                                                                                                                                                                                                                                                                                                                                                                                                                                                                                                                                                                                                                                                                                                                                                                                                                                                                                                                                                                                                                                                                                                                                                                                                                                                                                                                                                                                                                                                                                                                                                                                                                                                                                                                                                                                                                                                                                                                                                                                                                                                                                                                                                                                                                                                                                                                                                                                                                                                                                                                                                                                                                                                                                                                                                                                                                                                                                                                                                                                                                                                                                                                                                                                                                                                                                                                                                                                                                                                                                                                                                                                                                                                                                                                                                                                                                                                                                                                                                                                                                                                                                                                                                                                                                                                                                                                                                                                                                                                                                                                                                                                                                                                                                                                                                                                                                                                                                                                                                                                                                                                                                                                                                                                                                                                                                                                                                                                                                                                                                                                                                                                                                                                                                                                                                                                                                                                                                                                                                                                                                                                                                                                                                                                                                                                                                                                                                                                                                                                                                                                                                                                                                                                                                                                                                                                                                                                                                                                                                                                                                                                                                                                                                                                                                                                                                                                                                                                                                                                                                                                                                                                                                                                                                                                                                                                                                                                                                                                                                                                                                                                                                                                                                                                                                                                                                                                                                                                                                                                                                                                                                                                                                                                                                                                                                                                                                                                                                                                                                                                                                                                                                                                                                                                                                                                                                                                                                                                                                                                                                                                                                                                                                                                                                                                                                                                                                                                                                                                                                                                                                                                                                                                                                                                                                                                                                                                                                                                                                                                                                                                                                                                                                                                                                                                                                                                                                                                                                                                                                                                                                                                                                                                                                                                                                                                                                                                                                                                                                                                                                                                                                                                                                                                                                                                                                                                                                                                                                                                                                                                                                                                                                                                                                                                                                                                                                                                                                                                                                                                                                                                                                                                                                                                                                                                                                                                                                                                                                                                                                                                                                                                                                                                                                                                                                                                                                                                                                                                                                                                                                                                                                                                                                                                                                                                                                        Solarmax SOLAR MAX 100AH Battery,"KSh 8,500"
"sun UV LED Nail Lamp, 120W Faster Gel Nail Dryer Professional Curing Lamp","KSh 4,400"
"Oppo A16K, 6.52"",[32 GB ROM + 3GB RAM], (DUAL SIM) - BLACK + 6 FREE GIFTS","KSh 17,375"
Kiss Beauty 3 IN 1 Kiss BeautyMake Up Fix Setting Spray-green Tea,KSh 399
Fashion Stylish Pocketed Hardhead Jeans - Blue,"KSh 1,299 - KSh 1,349"
Fashion Long Twisted Braided Wigs,"KSh 1,950"
Bluetooth I 11 Tws Earphone Hands Free & Touch Control Earbuds For SmartPhones Auto Pairing Wireless Headphones,"KSh 1,190"
Generic 4 Piece Cotton Duvet (blue Star),"KSh 1,800 - KSh 1,899"
Oraimo OCW-U65S - Charger Kit - Black,KSh 499
Generic 4PCS Leather Mens Bracelets Multilayer Rope BELIEVE Bracelet Braided,KSh 326
Generic UV LED Lamp For Nails Dryer 54W Ice Lamp For Manicure Gels Nail Lamp Drying Lamp For Gels Varnish,"KSh 2,771"
Scarlett Non-Stick Steam Iron Box Plus Free Power Extension,"KSh 1,700"
Fashion Women Vintage Punk Faux Suede Multilayer Polished Clavicle Choker Necklace Pendant For Party-Black,KSh 79
Naughty Dog The Last Of Us 2,"KSh 3,750"
Amazon FIRESTICK 4K MAX WITH DOLBY FIRE TV STICK 4K MAX,"KSh 7,490"
"Ulefone Armor X5, 5.5"", 3 GB + 32 GB, (Dual SIM), 13+2MP, Orange","KSh 12,999"
Fashion Heavy Blanket - FREE SIZE,"KSh 2,290"
Fashion Durable Back To School Pure Leather Shoes Black,"KSh 732 - KSh 1,050"
Fashion 4PCS Men's Classic Stretchy Elastic Cotton Boxer-ASSORTED,KSh 397
Green Leaf Cockroach Killer Pest Control Powder,KSh 145 - KSh 999
Amara Body Lotion Glycerine -  200ml,KSh 127
Fashion Baby Boy Girl Unisex Prewalker Shoes,KSh 799
Generic 500ML Metallic Thermos Vacuum Flask Travel Cup Water Bottle,KSh 799
AB Wheel Abs Roller+Knee Mat+Free Rope+HandGrip,"KSh 1,200"
Creme Of Nature Sulfate-Free Moisture & Shine Shampoo (354ml),KSh 995
Fashion Classy Stand Collar Bomber Jacket/Cadet Blue,"KSh 2,750 - KSh 2,950"
Fashion High Puff Afro Kinky Natural Ponytail #1 + Free Gift,"KSh 1,090"
MK Fridge Guard - Under Voltage And Surge Protection,KSh 579
Passport Scotch Whiskey - 700ml,KSh 995
Fashion Ear Studs Asymmetric Anti-rust Women Leaf Rhinestone Tassel Earrings For Wedding-Golden,KSh 59
Generic Wired Earphones Headset Headphone 3.5mm Earphone.,KSh 449
"Stickie Art Canvas(None) Printed Wall Art- Decorated,Floral Home Decor",KSh 999
MK Electronics TV Guard + FRIDGE Guard + A FREE 6 Way Extention,"KSh 1,499"
Solar Light Dummy Solar Light Motion Sensor Security Dummy Camera,KSh 998
Fashion Men Women Plaid Cotton Newsboy Hat Flat Cap-Blue,KSh 601
Generic Adult Travelling Neck Pillow- Black,KSh 639
Fashion Dark Brown Oxford Official Shoes,"KSh 1,699 - KSh 2,999"
Exe Self-Raising Fortified Wheat Flour - 2kg,KSh 220
JIBAO Very Strong 3 Columns Portable Wooden Wardrobe-Grey,"KSh 4,060"
Generic Kitchen Tultipurp Ose Tool,KSh 399
Generic Electric Coffee Grinder - Silver,"KSh 1,775"
Kericho Gold 20 Camomile Teabags - 30g,KSh 245
"Tecno POP 2 F, 5.5'', 16GB + 1GB (Dual SIM)   2400mAh, Black + Quality GIFTS","KSh 8,450"
Lenovo LP40 + Bag Wireless Earphone Bluetooth 5.0 Waterproof Earphone Touch Control Dual Stereo Bass Earbud Sports Headset,"KSh 1,468"
"Nokia 5310, [DUAL SIM], 2.4'', (16MB + 8MB), MEMORY CARD SLOT -/- //white","KSh 5,999"
Fashion Ladies Flat Ankle Boots,"KSh 2,800"
Fashion Mens Flat Heel Moccasins Leather Shoes 38-48-Grey,"KSh 4,250"
Generic 1.2 Meter Office And Study Desks,"KSh 8,999"
"Generic Digital Scale Electronic Market Balance Weighing Machine for Fruits,Meats,Vegetables Price -30KG","KSh 4,500"
Fashion 6Pcs Soft NEWBORN Baby Vest Unisex Undershirt,KSh 399
Ifixit Electronics Repair Kit,"KSh 1,300"
Generic Body Building Gym Gloves Fitness Weight Lifting Gloves Men Women Custom Exercise Protect Wrist Training Gym Gloves,KSh 880
Generic Anti Blue Light Glasses  Computer Glasses Anti Blue Ray Fashionable Eye Ware,KSh 450
Cosrx [Made In Korea] Salicylic Acid Daily Gentle Cleanser Mini,KSh 550
Freedom Heavy Duty Durable Sufuria Set (16-19) Without Lids,"KSh 3,300"
Generic 7-way Car Wash Jet High Pressure Plastic Spray Water Gun Multi Function Garden Hose Pipe Water Nozzle Spray Gun Comfort Handle Cleaning Sprinkle Tools,KSh 799
Fashion Black  Men Official Slip-on Shoes,"KSh 1,100 - KSh 1,199"
Generic 26 Colors Matte Eyeshadow Palette-Assorted,KSh 390
"Generic GT20 1.69 Inch TFT Screen IP67 Waterproof Smart Watch, Style:Steel Strap(Silver)","KSh 2,807"
Otg Connect Kit OTG Cable Micro USB Cable  Plus Free Extra OTG,KSh 229
Fashion 2 In 1 Men's Short Sleeve Shorts Casual Set-White,"KSh 1,780"
Safisha Wash Ups Sponge 1's,KSh 35
Generic Bluetooth Headset + Ios Smart Watch Combination,"KSh 1,470"
Fashion Women Breathable Strapless Push Up Bra Rabbit Shape Reusable Silicone,KSh 705
"Generic Precision Screwdriver Set  32 In 1 - Laptop, Desktop Computer, Smartphone, Electronics Repair Tool Kit",KSh 799
Fashion Luminous Beads Christian Cross Pendant Necklace,KSh 220
USN Blue Lab 100% Whey Protein - 908g (2 Lbs) - Strawberry,"KSh 4,199"
Fashion Crown King Lapel Pin Brooch Suit Vintage Chain,KSh 987
Fashion Adults Unisex Free Size Tshirts (From Size 8-16)Green,KSh 900
Fashion Men Women Plain Curved Sun Visor Baseball Cap,KSh 399
XIAOMI Redmi 10A Ceramic Screen Protector,KSh 500
Fashion Retro Rimless Rectangle Sunglasses For Women Men,KSh 850
Sace Lady 3 Pcs Matte Liquid Lipstick Makeup Set Non-Stick Cup,KSh 589
"Generic 14"" Laptop Sleeve","KSh 1,199"
Fashion Baby Girl Cute Stretch Turban Headband Headwear,KSh 399 - KSh 499
"Dove Exfoliating Body Polish Kiwi & Aloe Body Scrub,","KSh 1,299"
PHOELIX FASHIONS Elegant Ethiopian Leather Official Shoes + FREE POLISH,"KSh 1,099"
Uno Classic Card Game For Family Fun Toy,KSh 414 - KSh 614
Relax & Spin Tone  Relax & Spin Tone Whole Body Massager,"KSh 1,247"
Miadi Leave In Treatment Spray - 473ml,KSh 320
Generic For Xiaomi Mi Band 6 (CA8856) Silicone Watchband,KSh 499
"Tecno T301, (Dual Sim) FM, (Bluetooth), Torch, Memory Card Slot+ FREE Men Boxers","KSh 2,000"
Fashion Ladies Full Neck Sweater - Ladies Turtle Neck Gray,KSh 600
Valon Petroleum Jelly Pure -  250g,KSh 250
Otg Connect Kit OTG CABLE - BUY 1 GET 1 FREE!!,KSh 220
Fashion Boys Girls Kids Digital Alarm Calendar-Red,KSh 439
O.P.I Manicure Nail Buffer,KSh 200
Fashion 6PCS Adorable Warm Children's Socks- Multicolour,KSh 160 - KSh 550
Generic Jack Selfie Stick _Black,KSh 299
Generic 10 Pieces Cake Icing Decorator Set,KSh 784
STEREO Type C Hi-Fi DAC Bass Headphones For Type C Phones And Tablets USB Type C Earphone Stereo In-Ear Earbuds With Microphone,"KSh 2,899"
Fashion Mens Jeans Trousers Latest Jeans- Casual,"KSh 1,100 - KSh 1,450"
Titan Gel Penis Enlargement Cream&Premature Ejaculation Gel~,KSh 649
Exe Brown Bread Fortified Wheat Flour - 2kg,KSh 225
Neutrogena Hydro Boost Sunscreen SPF 50,"KSh 2,599"
Generic Soft Khaki Pants - Brown - Slim Fit,"KSh 1,049 - KSh 1,249"
VEGER Slim Ports Portable Charger- 25000mAh Power Bank.,"KSh 2,199"
"Generic Torch,Electric Shock & Laser Pointer-288 Poweful Torch",KSh 999
Generic Fire Ball,"KSh 4,000"
Fashion Gold Plated Men Chain,KSh 499
Horizon Instant Hot Water Shower For FRESH OR/SALTY WATER,"KSh 1,345"
Fashion Black Mens Leather Shoes With Rubber Soles,"KSh 1,049 - KSh 1,290"
Generic Samsung Galaxy A03S Case Soft 6D Plating Phone Back Cover,KSh 340
Generic 2 Pieces Replacement 9006 100W 10000K LED Fog Driving Light Bulbs Lamp,KSh 721
Chain Kwo Light Soy Sauce - 150ml,KSh 143
"XIAOMI Redmi Note 11, 6.43"" , 6GB+128GB, 50MP, 4G LTE, Gray + Smart Watch & Airpods","KSh 26,499"
HP Wired Optical Mouse + FREE CLASSIC GIFTS,KSh 540
Forever Young Blue Printed Women's Pajamas,KSh 550
Generic LAN Network Cable CAT 6 20M Plus 100 Pcs Clips,KSh 939
Generic Electric Coffee Grinder - Silver,"KSh 1,775"
Kericho Gold 20 Camomile Teabags - 30g,KSh 245
"Tecno POP 2 F, 5.5'', 16GB + 1GB (Dual SIM)   2400mAh, Black + Quality GIFTS","KSh 8,450"
Generic Type-C To Micro USB Convert Connector  Data Sync Female To,KSh 217
Lenovo LP40 + Bag Wireless Earphone Bluetooth 5.0 Waterproof Earphone Touch Control Dual Stereo Bass Earbud Sports Headset,"KSh 1,468"
"Nokia 5310, [DUAL SIM], 2.4'', (16MB + 8MB), MEMORY CARD SLOT -/- //white","KSh 5,999"
Pansly RETINOL FIRMING ANTI-AGING ANTI-WRINKLE FACE CREAM SERUM,KSh 849
Fashion Ladies Flat Ankle Boots,"KSh 2,800"
Fashion Mens Flat Heel Moccasins Leather Shoes 38-48-Grey,"KSh 4,250"
Generic 1.2 Meter Office And Study Desks,"KSh 8,999"
"Generic Digital Scale Electronic Market Balance Weighing Machine for Fruits,Meats,Vegetables Price -30KG","KSh 4,500"
Fashion Baby Girl Cute Stretch Turban Headband Headwear,KSh 399 - KSh 499
"Dove Exfoliating Body Polish Kiwi & Aloe Body Scrub,","KSh 1,299"
PHOELIX FASHIONS Elegant Ethiopian Leather Official Shoes + FREE POLISH,"KSh 1,099"
Uno Classic Card Game For Family Fun Toy,KSh 414 - KSh 614
Relax & Spin Tone  Relax & Spin Tone Whole Body Massager,"KSh 1,247"
Miadi Leave In Treatment Spray - 473ml,KSh 320
Generic Bluetooth Earphone Headphone Mic Handsfree V9,KSh 650
Annov Memory Card 64GB High Speed + Christmass Gift,KSh 659
Ingrams Camphor Cream Regular 300g,KSh 319
SKY View Original Perfect Fit Hiking Unisex Boots,"KSh 3,100"
Generic Kinky Straight Ponytail Afro Puff Fashion Bun Wigs + FREE GIFT INSIDE!!!,KSh 699
Fashion Women Necklace Thick Chain Multi-layer Lock-shaped Choker Jewelry Necklace Set Girls Gifts-Silver,KSh 127
"Geemy Electric Hair Shaving Machine, Barber, Barbering  Machine","KSh 1,199"
Generic Jenga Wooden Games With 54Pcs,KSh 659 - KSh 999
"Vitron Sub-Woofer HOME THEATRE,Sound Bar BT/USB/FM-9000W","KSh 5,699"
"JTC J-801 Pro 2.1CH HOMETHEATRE -12,000W - Black","KSh 8,499"
Aichun Hips And Butt Enlargement Oil,"KSh 1,000"
Generic WOSOFE Men's Left Golf Glove Microfiber Cloth,KSh 869
Generic Hand Press Water Dispenser Manual Pump,KSh 598
Fashion EUR 39-46 Men Chelsea Boots Fashion Men's Suede Leather Ankle Boots,"KSh 3,700 - KSh 4,100"
"F9-5c True Wireless Stereo Touch Control Earbuds, Waterproof  Wireless,Handsfree,digital Display,built In Mic For Smart Phones With Power Bank",KSh 900
On Call ON-CALL PLUS GLUCOMETER (Glucose Meter + Battery Included),"KSh 2,000"
Rikon Silver Framed Wall Clock 28cms Diametre 2651,"KSh 1,200"
Flat Tummy Tea 28 Day Slimming Tea,KSh 650
"Bontel L600 1.77 Inch ,Big Speaker, 1000 Mah Battery - Black","KSh 1,199"
Osho Easygro Vegetative Fertilizer,KSh 200 - KSh 800
"Annov 2 Burner Gas Cooker Stainless Steel+spoon, Fork","KSh 2,599"
Generic Fashion Velvet Soft Blanket- Flower Varies,"KSh 2,300 - KSh 2,500"
"Solar Light 30w, 60w, 100w, 200w Led Top Quality Solar Flood Lamp","KSh 2,500 - KSh 7,200"
Oraimo Exceptional Sound Earphones (THOR OEP-E25),KSh 599
Fashion Male Mens Sport Quartz Watch Luxury Mesh Black Band Black Pointer,KSh 589
Anker R100 Soundcore True Wireless Earbuds – Black,"KSh 3,699"
Fashion Men's Slim Fit Jeans - White,"KSh 1,030 - KSh 1,299"
Fashion Delicate Male Diamond Emerald Ring,KSh 227
Fashion Men Fashionable Pullneck - Turtle Neck,"KSh 1,000"
Nova 3 In 1 Hair Shaver And Beard Trimmer/Smoother,KSh 850
"Generic Virtual Reality Headset, Game/movie/3D VR Glasses VR Box For Any Phone- Blu-ray Eye Gog Gles","KSh 1,464 - KSh 2,611"
Fashion Black Straight Nose Ring,KSh 400
AB Wheel Abs Workout Roller + Free Skipping Rope And Mat,KSh 900
Generic Air2 Wireless Fingerprint Touch Bluetooth Headset,KSh 647
Uno Classic Card Game For Family Fun Toy,KSh 414 - KSh 614
Relax & Spin Tone  Relax & Spin Tone Whole Body Massager,"KSh 1,247"
Miadi Leave In Treatment Spray - 473ml,KSh 320
Generic Bluetooth Earphone Headphone Mic Handsfree V9,KSh 650
Annov Memory Card 64GB High Speed + Christmass Gift,KSh 659
Tena Tena Tissue – 10pk Unwrapped,KSh 525
Ingrams Camphor Cream Regular 300g,KSh 319
SKY View Original Perfect Fit Hiking Unisex Boots,"KSh 3,100"
Generic Kinky Straight Ponytail Afro Puff Fashion Bun Wigs + FREE GIFT INSIDE!!!,KSh 699
Fashion Women Necklace Thick Chain Multi-layer Lock-shaped Choker Jewelry Necklace Set Girls Gifts-Silver,KSh 127
"Geemy Electric Hair Shaving Machine, Barber, Barbering  Machine","KSh 1,199"
Generic Jenga Wooden Games With 54Pcs,KSh 659 - KSh 999
"Vitron Sub-Woofer HOME THEATRE,Sound Bar BT/USB/FM-9000W","KSh 5,699"
"JTC J-801 Pro 2.1CH HOMETHEATRE -12,000W - Black","KSh 8,499"
Fashion Shirt For Men Mens Fashion Printed Splicing Colorful Stripe Short Sleeve,"KSh 1,295 - KSh 1,428"
Aichun Hips And Butt Enlargement Oil,"KSh 1,000"
Generic WOSOFE Men's Left Golf Glove Microfiber Cloth,KSh 869
Generic Hand Press Water Dispenser Manual Pump,KSh 598
Fashion EUR 39-46 Men Chelsea Boots Fashion Men's Suede Leather Ankle Boots,"KSh 3,700 - KSh 4,100"
"F9-5c True Wireless Stereo Touch Control Earbuds, Waterproof  Wireless,Handsfree,digital Display,built In Mic For Smart Phones With Power Bank",KSh 900
On Call ON-CALL PLUS GLUCOMETER (Glucose Meter + Battery Included),"KSh 2,000"
Rikon Silver Framed Wall Clock 28cms Diametre 2651,"KSh 1,200"
Flat Tummy Tea 28 Day Slimming Tea,KSh 650
"Bontel L600 1.77 Inch ,Big Speaker, 1000 Mah Battery - Black","KSh 1,199"
Osho Easygro Vegetative Fertilizer,KSh 200 - KSh 800
"Annov 2 Burner Gas Cooker Stainless Steel+spoon, Fork","KSh 2,599"
Fashion Classic Adjustable Suspender & Bowtie For Adults Unisex- Navy Blue,KSh 675
Generic Fashion Velvet Soft Blanket- Flower Varies,"KSh 2,300 - KSh 2,500"
"Solar Light 30w, 60w, 100w, 200w Led Top Quality Solar Flood Lamp","KSh 2,500 - KSh 7,200"
Oraimo Exceptional Sound Earphones (THOR OEP-E25),KSh 599
Fashion Male Mens Sport Quartz Watch Luxury Mesh Black Band Black Pointer,KSh 589
Anker R100 Soundcore True Wireless Earbuds – Black,"KSh 3,699"
Fashion Men's Slim Fit Jeans - White,"KSh 1,030 - KSh 1,299"
Fashion Delicate Male Diamond Emerald Ring,KSh 227
Fashion Men Fashionable Pullneck - Turtle Neck,"KSh 1,000"
Nova 3 In 1 Hair Shaver And Beard Trimmer/Smoother,KSh 850
"Generic Virtual Reality Headset, Game/movie/3D VR Glasses VR Box For Any Phone- Blu-ray Eye Gog Gles","KSh 1,464 - KSh 2,611"
Fashion Black Straight Nose Ring,KSh 400
AB Wheel Abs Workout Roller + Free Skipping Rope And Mat,KSh 900
Generic Air2 Wireless Fingerprint Touch Bluetooth Headset,KSh 647
Power King 5 Way Power Extension Cable-White,KSh 790
Bayte 6 Colours Acrylic Paint,KSh 999
Generic 3.5mm Jack Audio Splitter Headphone Microphone,KSh 310
Fashion Hard Khaki Trouser For Men,"KSh 849 - KSh 1,149"
"Fashion 3 Pack Hard Khakis; Navy Blue, Green &Black","KSh 2,649 - KSh 3,199"
Ramtons RM/306 - 150ml Steam Iron - White & Green,"KSh 1,870"
Oraimo Powercube 3 Pro 18W Fast Charger With Type C Output.,"KSh 1,199"
Fashion Men's Khaki Pants – Sky Blue Slim-fit Khaki,"KSh 1,099 - KSh 1,199"
Fashion Rugged Fashionable Jeans For Men,"KSh 1,500"
XIAOMI Redmi 10 2022 6.5'' Inches 6+128GB 50MP Rear Camera 4G Smartphone - Grey,"KSh 23,199"
Golden Time One Step LH Ovulation Test Kit 7PCs +Pregnancy Test Kit,KSh 625
Fashion Ladies Flat Mules,KSh 999
"C Idea CM 840 Android Kids Tablet, 8"" Dual Sim, 128GB,4GB RAM  - Green","KSh 9,999"
XIAOMI Redmi Note 11 Armor Shockproof Back Cover,KSh 899
"Oppo A55, 6.51"" Screen Display(128GB + 4GB) RAM Dual**SIM,50 MP, 5000mAh, Blue..L.A","KSh 24,900"
Fashion Ladies Pullnecks -white,KSh 900
"Generic Silicon Cover Case For Samsung Galaxy A13,, 3D",KSh 420
Vaida Turns Grey Hair Black - Slip 'N' Sheen Hair Dye Pomade,KSh 718
My Choice Samsung Galaxy; A12 Phone; Cover Back Case,KSh 340
Generic Video Capture Card Live Broadcast HDMI To USB HD,"KSh 1,499"
Generic Condenser Mic Recording Microphone Kit,"KSh 1,850"
Generic 26-63 Inch Fixed TV Wall Mounting Bracket,KSh 590
"Logitech M185 Compact Wireless Mouse,2.4GHz  BLACK",KSh 599
Miniso Small Plaited Round Storage Bucket,KSh 199
"Stickie Art Canvas(None) Printed Wall Art- Decorated,Floral Home Decor",KSh 999
Fashion Men's Official Shirts Long Sleeve 3 Pack,"KSh 3,800"
Generic Wrap Waist Bandage Control Women Slimming Tummy Belt Body Shaper Wrap Waist,"KSh 1,695"
Uno Classic Card Game For Family Fun,KSh 717
Pretty Cowry Retinol Serum Retinol Moisturizer Facial Serum Ant-aging Serum.,KSh 549
Fashion Ladies Full Neck Sweater - Ladies Turtle Neck,KSh 600
Generic Transparent Clear Soft Silicone Case Skin Cover For IPhone SE 5 5S 6 6S 7 Plus,KSh 57
Cacatua Black Official Suede Boots,"KSh 2,799"
"Marini Naturals ""Creamy & Dreamy"" Co-Wash - 400ml","KSh 1,200"
Skin Beauty Knuckles Elbow Knee Toes Black Spot Cream,KSh 755
Himalaya Pilex Tablets 60s - Hemorrhoid Relief,"KSh 1,240"
"Home Design 14 - 55"" Full Motion Wall Mount TV Bracket","KSh 1,350"
Brick Game Tetris HandHeld LCD Brick Game - Red,KSh 395
Sprite Soda - 1.25l,KSh 115
Fashion Leisure Mens Business Leather Shoes Non-slip Formal Leather Shoes Black,"KSh 2,990"
Fashion Men's All-match Leather Shoes,"KSh 1,999"
Pretty Cowry Retinol Serum Retinol Moisturizer Facial Serum Ant-aging Serum.,KSh 549
Fashion Ladies Full Neck Sweater - Ladies Turtle Neck,KSh 600
Generic Transparent Clear Soft Silicone Case Skin Cover For IPhone SE 5 5S 6 6S 7 Plus,KSh 57
Cacatua Black Official Suede Boots,"KSh 2,799"
"Marini Naturals ""Creamy & Dreamy"" Co-Wash - 400ml","KSh 1,200"
Skin Beauty Knuckles Elbow Knee Toes Black Spot Cream,KSh 755
Himalaya Pilex Tablets 60s - Hemorrhoid Relief,"KSh 1,240"
"Home Design 14 - 55"" Full Motion Wall Mount TV Bracket","KSh 1,350"
Brick Game Tetris HandHeld LCD Brick Game - Red,KSh 395
Sprite Soda - 1.25l,KSh 115
Fashion Leisure Mens Business Leather Shoes Non-slip Formal Leather Shoes Black,"KSh 2,990"
Fashion Men's All-match Leather Shoes,"KSh 1,999"
Zaron Cosmetics Oil Block Mattifier,"KSh 1,795"
"Oppo A96, 6.59"", 5G, [256GB ROM + 8GB RAM], (DUAL SIM) - BLUE + 6 FREE GIFTS","KSh 37,499"
Mos Kill Vapour Mat Insecticide 30S,KSh 194
ABC Blue Stain Remover - 36 Cubes,KSh 284
Fashion Ladies Fashion Stainless Steel Geneva Luxury  Crystal Quartz Analog Wrist Watch,KSh 956
Generic Pineapple Peeler And Slicer,KSh 550
M Luck Bluetooth Woofer,"KSh 2,800"
Generic Clear Plastic Mini Fish Tank Aquarium Aquarium Mini Betta Fish Tank #2,KSh 782
Fashion Large Portable Thermal Insulated Lunch Bag,"KSh 1,390"
Darkhorsir Rechargeable 2.4G+ Bluetooth Wireless Mouse Mice B,KSh 798
Fashion Dresses Women Plus Size Cold Shoulder Overlay,"KSh 1,425 - KSh 1,624"
Fashion Couple Necklace Letter Shape Unisex Alloy Stainless-Silver,KSh 65
Generic Anti Slip Home And Industrial Safety Boots,"KSh 2,200"
Fashion Big Size Men's High-top Outdoor Hiking Shoes-Black,"KSh 3,590 - KSh 4,490"
Fashion 2Pcs/Set Best Friends Tai Chi Yin Yang Hollow Pendant Split Matching Necklace,KSh 95
"Wster WS-1822 Portable Wireless Speaker, MP3 Player & Radio","KSh 2,250"
Fashion Breathtaking 3PACK Very Comfortable Bridal Bras Best Quality Push Up Strappy N Strapless Bras,"KSh 1,499 - KSh 1,599"
Fashion Elegant Women Heart Rhinestone Pendant Chain Necklace Clavicle Chocker Gift-Silver,KSh 49
Fashion Fluid Kimono Ankara  Print,"KSh 2,099 - KSh 2,499"
Generic 1 Pc 3 Heads Sweet Artificial Flower  Lily Floral Home Wedding Party Decor-Yellow,KSh 184
Generic 2Pcs Couple Lovers Swan Miniature Crafts Garden Decorations-,KSh 41
Fashion 3 In 1 High Quality Laptop Bag,"KSh 1,050"
"Samsung Galaxy A03 - 6.5"" - 4GB RAM + 64GB ROM, 48 MP Camera, Dual SIM, Blue","KSh 15,399"
Generic Smart Watch Women Men Smartwatch For Android IOS,KSh 838
Samsung Galaxy Tab A7 Lite 8.7 Inch Display 32GB ROM + 3GB RAM,"KSh 18,749"
Astonish Mold & Mildew Stain Blaster - 750ml,KSh 458
Generic Glass Water Bottle,KSh 150
Fashion Hip-hop Titanium  Black Fire Dragon Pendant Necklace,KSh 162
"Bontel 5310 Mini 1.44""BigScreen,LoudSpeaker, FM,Spotlight Torch 1000mAh+Watch– Black","KSh 1,350"
Miniso Strong Sticky Wall Hooks 2pcs,KSh 199
SIMLAW SEEDS 1 PKT SPINACH FORDHOOK GIANT -10G,KSh 250
Generic Mini Composite RCA AV To HDMI Converter Adapter,KSh 978
Generic Stainless Steel Nozzle Vertical Steamer Ironing Clothes Steamer,"KSh 7,200"
Generic Quilted Waterproof Matress Protector,"KSh 2,200 - KSh 2,550"
Fashion Ladies Chunky Heel Martin Boots-Black,"KSh 3,580"
Euroken MULTIMEDIA WOOFER SYSTEM-20000W-BT/FM/USB,"KSh 7,800"
Natural Ylang Ylang Essential Oil 100% Pure Therapeutic Grade -10ml,KSh 740
"LG 24""INCHES HD-Digital LED TV - HDMI,USB PORT-INBUILT DECODER+FREE AERIAL","KSh 14,700"
Miniso Foldable Clothespin Hanger (Grey),KSh 359
Uncle Bills Hair Rollers 4 Sizes 16 Pack - Black And White,KSh 724
Amazon FIRETV STICK 4K ULTRA HDR - STREAMING DEVICE,"KSh 6,500"
White Secret Lightening With Bright Results From The Very First 5 Days-Soap,KSh 475
Fashion Ladies'  Flowers Trim Beach Wedge Slippers Sandals,"KSh 2,111 - KSh 2,199"
Safisha Wc Cleaner Lavender 500ml,KSh 214
Paperline 5 Reams 80GSM Printing/Photocopy Paper,"KSh 3,799"
Generic Samsung Galaxy A13 Case Watercolor Square Silicone Phone Cover,KSh 290
Solar Africa 100Watts Solar Panel,"KSh 4,599"
"NIVEA MEN Fresh Active Anti-Perspirant Spray For Men, 48h - 150ml",KSh 420
Rosy Toilet Rolls White (Pack Of 2),KSh 72
Fashion 3 Pcs Men Checked Brief Boxers-Multi Colour-Varied Colours,KSh 450
Officepoint Comb Spiral Binding Machine A4,"KSh 5,989"
Generic Touch Sensitive Cupboard Cabinet Adhesive LED Night-Silver,KSh 134
Generic 10 Pieces Adhesive Hooks Transparent,KSh 99
"O.TWO.O Multi-purpose Face Highligher For Eyes, Cheeks& Nose - Cocoa",KSh 750
Generic Samsung Galaxy A03 Case Cool Bear Matte Phone Cover,KSh 410
Annov USB Flash Drive Metal  USB2.0-64GB+Ring Holders,KSh 559
"Generic Multiple Power AAA, 12V, Rechargeable Battery.",KSh 650
Generic Stretch Marks Remover Scar Remover Acne Remover Oil,KSh 549
Krackles Perfectly Salted Potato Crisps - 30g,KSh 51
Generic Portable Wireless Super Bass Stereo Bluetooth Speaker-Black,KSh 886
Generic Bluetooth 5.0 Earphone Waterproof Wireless Stereo Earbuds,KSh 691
Generic Wireless BT Sports Earphones Headphones,KSh 590
Sprite Soda - 350ml,KSh 39
Generic Cute Shaggy Bedside Blanket Floor Mat Carpet-Coffee,KSh 409
Generic USB Extension Cable Wire Male To Female Extender,KSh 240
TCB Naturals Oil Sheen Hair Spray Olive Coconut Argan Nourish Shine,KSh 290
Miniso Dual Purpose Folding Comb,KSh 309
MK Penis Enlargement Oil Big Size Penis Enlargement & Ejaculation Delay,KSh 549
Generic Artificial Wisteria Hanging Wedding Party Decor-White,KSh 154
Fashion Women's Ladies Fashion Casual Beautiful Knotted Knee-high Boots,"KSh 2,887"
Billionaire Fashion Gents Leather Official Shoes,"KSh 3,000"
Fashion Classic Ladie's  Wedge Shoes,"KSh 2,199"
Generic External Clip-on Lapel Lavalier Microphone 3.5mm Jack For,KSh 204
Fashion Necklace ECG Design Exquisite Alloy Heart Shape-Silver,KSh 54
PHOELIX FASHIONS Men Open Leather African Slip-On Sandals,KSh 499 - KSh 763
Fashion Blouse Tops Spring And Summer Men's Casual Fashion Short-sleeved Printed Retro,"KSh 1,289 - KSh 1,422"
Fashion Kids Dress Girl Party Fashion Dress Birthday Princess Costume,"KSh 3,058 - KSh 3,324"
Tolsen Heavy Duty Staple Gun Pins 8mm Tolsen,KSh 799
Fashion HOT VALENTINES GIFT RED LINGERIE FEMME SEXY TRANSPARENT WOMAN SET,"KSh 1,975"
"MK TV Guard - Surge Protector, 5A + FREE Mobi Gift",KSh 599
Saral Aluminium Pressure Cooker - Explosion Proof,"KSh 4,898 - KSh 5,378"
Generic Stainless Steel Mesh Flour Sifting Sifter Sieve-Silver,KSh 188
Chamdor Spark Grape Juice Red - 750ml,KSh 660
Molten PRO - Official Football Ball,"KSh 3,000"
HP V250W 32 GB Flash Disk Drive +  Mk GIFTS,"KSh 1,599"
Derma Roller Micro Needle  Anti Aging Anti Wrinkle Derma Roller Micro Needle,KSh 449
Fashion Temperament Butterfly Pendant Necklace Female Ins Cold Wind Forest Jewelry,KSh 43
Fashion Men Chelsea Boot Leather Black / Suede Chelsea Boots For Men,"KSh 1,599"
Fashion Mens Casual Flat Sports Shoes Lace Up Outdoor Sneakers-(White),"KSh 1,799"
HP V250W 32GB Flash Disk  +  OTG CABLE & Bonus GIFTS,"KSh 1,149"
Fashion Stylish Mock Neck Ribbed Bodycon Dress(Hips 36-44inches Fit),KSh 750
Yazole Top Luxury Brand Watch Fashion Women Quartz Watches Leather Wristwatch Gift For Female,KSh 552
Scarlett Steam And Dry Iron 1200W + Free Power Extension Cable,"KSh 1,300"
Nordic Trekking / Hiking Pole With Rubber Grip,"KSh 1,599"
G.J.S Door Handle Set,"KSh 1,400"
Generic Nokia 2.1 Silicone Case Phone Back Cover  - Black.,KSh 225
High Speed Micro SD Memory Card-16GB,KSh 699
Generic UV400 POLARIZED MENS CLASSIC RETRO FASHION SUNGLASSES + CASE,"KSh 1,000"
Generic 2 In 1 Airtight Glass Cereal Container Jar + Spoon With Bamboo Lid,"KSh 1,395"
Generic Uno Card Game With Wildcards,KSh 599
XIAOMI Smart Tv Box Android 9.0 - MI TV STICK,"KSh 6,500"
Gisco Volleyball Net Without Wire,"KSh 1,200"
Fashion Stylish Mock Neck Ribbed Bodycon Dress(Hips 36-44inches Fit),KSh 750
Fashion 2Pcs/Set Couple Luminous Pendant Necklace Valentines Gift,KSh 199
THE FAMOUS GROUSE Finest Scotch Whisky 40% 1L,"KSh 2,450"
Fashion 4 Piece Cotton Bedsheets,"KSh 1,500"
Fashion Dreadlock Crotchet Hook Weaving Crochet Interlocking Crochet Needle,KSh 395 - KSh 785
Nunix Brand New Nunix Flat Iron And Curler,"KSh 1,400"
Generic Men Vintage Cowboy Retro Cotton Cap Duckbill-Denim Blue,KSh 571
Fashion 3PCs Super Comfy Cotton Men's Brief Boxers,KSh 699
Generic LED Digital Electronic Watch Cartoon Animation K,KSh 234
Generic AB Wheel Roller Workout Arm And Waist Fitness Exerciser Wheel (Free Knee Mat),KSh 799
Ponasoo Ponasso Backpack - Black,"KSh 2,350"
Fashion 6 Pack Ladies Panties,"KSh 1,199"
Generic Android 10.0 T95 Smart Tv Box 6k Wifi Google,"KSh 5,348 - KSh 8,835"
"Generic AV (RCA) To VGA Audio Video Converter,Support Resolution",KSh 670
Shine Body Detoxifier Non Bitter Blood Purification Arthritis Low Libido HBP Immune Boost Liver Kidney Solution,KSh 999
Fashion Cotton Bath Towel  Good Absorbent-70x140,KSh 900
"Generic 12 "" Foldable Mobile Phone HD Screen Magnifier","KSh 1,300"
DR RASHEL SPF75 Sunscreen Suncream Sunblock,KSh 439
Generic OPPO A96 5G Case Soft ELK Deer Phone Back Cover,KSh 410
Generic Bluetooth 5.0 A3 Wireless Earphone Waterproof Earbuds Business Big Batteries Headset,KSh 831
Generic Privacy Screen Protector For Iphone 13 Pro Max,"KSh 1,499"
"TIGI Bed Head Hair Stick For Cool People, 75g",KSh 550
Generic Women Straight Bob Wig Hair For Ladies,"KSh 1,790"
Fashion 4Pcs Gorgeous Waterproof Ladies Shower Caps,KSh 299
"Vision Plus VP8832DB, 32"", Digital HD LED TV - Black + FREE WALL MOUNT--","KSh 11,799"
Generic Artificial Wisteria Hanging Wedding Party Decor-White,KSh 154
Fashion Women's Ladies Fashion Casual Beautiful Knotted Knee-high Boots,"KSh 2,887"
Billionaire Fashion Gents Leather Official Shoes,"KSh 3,000"
Fashion Classic Ladie's  Wedge Shoes,"KSh 2,199"
Generic External Clip-on Lapel Lavalier Microphone 3.5mm Jack For,KSh 204
Fashion Necklace ECG Design Exquisite Alloy Heart Shape-Silver,KSh 54
PHOELIX FASHIONS Men Open Leather African Slip-On Sandals,KSh 499 - KSh 763
Fashion Blouse Tops Spring And Summer Men's Casual Fashion Short-sleeved Printed Retro,"KSh 1,289 - KSh 1,422"
Fashion Kids Dress Girl Party Fashion Dress Birthday Princess Costume,"KSh 3,058 - KSh 3,324"
Tolsen Heavy Duty Staple Gun Pins 8mm Tolsen,KSh 799
Fashion HOT VALENTINES GIFT RED LINGERIE FEMME SEXY TRANSPARENT WOMAN SET,"KSh 1,975"
"MK TV Guard - Surge Protector, 5A + FREE Mobi Gift",KSh 599
Saral Aluminium Pressure Cooker - Explosion Proof,"KSh 4,898 - KSh 5,378"
Generic Stainless Steel Mesh Flour Sifting Sifter Sieve-Silver,KSh 188
Chamdor Spark Grape Juice Red - 750ml,KSh 660
Molten PRO - Official Football Ball,"KSh 3,000"
HP V250W 32 GB Flash Disk Drive +  Mk GIFTS,"KSh 1,599"
Derma Roller Micro Needle  Anti Aging Anti Wrinkle Derma Roller Micro Needle,KSh 449
Fashion Temperament Butterfly Pendant Necklace Female Ins Cold Wind Forest Jewelry,KSh 43
Fashion Men Chelsea Boot Leather Black / Suede Chelsea Boots For Men,"KSh 1,599"
Fashion Mens Casual Flat Sports Shoes Lace Up Outdoor Sneakers-(White),"KSh 1,799"
HP V250W 32GB Flash Disk  +  OTG CABLE & Bonus GIFTS,"KSh 1,149"
Fashion Stylish Mock Neck Ribbed Bodycon Dress(Hips 36-44inches Fit),KSh 750
Yazole Top Luxury Brand Watch Fashion Women Quartz Watches Leather Wristwatch Gift For Female,KSh 552
Scarlett Steam And Dry Iron 1200W + Free Power Extension Cable,"KSh 1,300"
Nordic Trekking / Hiking Pole With Rubber Grip,"KSh 1,599"
G.J.S Door Handle Set,"KSh 1,400"
Generic Nokia 2.1 Silicone Case Phone Back Cover  - Black.,KSh 225
High Speed Micro SD Memory Card-16GB,KSh 699
Generic UV400 POLARIZED MENS CLASSIC RETRO FASHION SUNGLASSES + CASE,"KSh 1,000"
Generic 2 In 1 Airtight Glass Cereal Container Jar + Spoon With Bamboo Lid,"KSh 1,395"
Generic Uno Card Game With Wildcards,KSh 599
XIAOMI Smart Tv Box Android 9.0 - MI TV STICK,"KSh 6,500"
Gisco Volleyball Net Without Wire,"KSh 1,200"
Fashion Stylish Mock Neck Ribbed Bodycon Dress(Hips 36-44inches Fit),KSh 750
Fashion 2Pcs/Set Couple Luminous Pendant Necklace Valentines Gift,KSh 199
THE FAMOUS GROUSE Finest Scotch Whisky 40% 1L,"KSh 2,450"
Fashion 4 Piece Cotton Bedsheets,"KSh 1,500"
"Coosybo 13 Inch Laptop Sleeve, Hand Bag Nylon Pouch Case For 12 Macbook 11 Air 15 Pro All Notebook","KSh 1,389 - KSh 1,579"
Fashion Dreadlock Crotchet Hook Weaving Crochet Interlocking Crochet Needle,KSh 395 - KSh 785
Nunix Brand New Nunix Flat Iron And Curler,"KSh 1,400"
Generic LA Girl High Definition Pro Conceal Dark Coco,KSh 210
Fashion Baby Boys Cartoon Tiger Face Long Sleeves Hoodie With Pants -Grey,"KSh 1,349"
Sony PS4 Dirt Rally 2.0,"KSh 3,650"
Joy Start Canvas 3 In1 Laptop Backpacks  With USB Charging Port,"KSh 1,191"
Generic Eyebrow Shaper Facail HairTemplate-Assorted,KSh 150
Digital TV Aerial + 10mtrs Cable +Free Cable Clips,KSh 865
Fashion Heavy Duty Plain T Shirt-Royal Blue,KSh 549 - KSh 569
Fashion Rhinestone Mom Letter Love Heart Pendant-Silver,KSh 89
As I Am Twist Defining Cream - 8 Ounce,"KSh 1,786"
Impact Activated Charcoal Powder-150gm,KSh 299
Cerelac Infant Cereal With Milk - 350g,KSh 760
Generic 12 Pairs Crystal Zircon Women Girls Geometric Earrings Stud Gold,KSh 151
Catpapa Baby Girls Outfit Set Yellow Long Sleeve Ripped Bodysuit + Floral Print + Headband,"KSh 1,247"
Sandisk Ultra High Speed Micro SD Memory Card-16GB,KSh 795
Generic Smart Watch Men Women Blood Pressure Waterproof,KSh 626
"Fashion 6 Hard Khaki-Beige,maroon, Choc,Nblue, Green&black","KSh 5,099 - KSh 6,199"
Generic 2020 Full Automatic Car Battery Charger EU 110V To 240V To 12V 6A Intelligent Fast Power Charging Wet Dry Lead Acid Digital LCD,"KSh 2,308"
Generic Xiaomi Redmi Note 11 Global 3 In 1 Hard PC Case-Black/Silver,KSh 679
"Samsung Galaxy A13, 6.6"", 128GB + 4GB(Dual SIM), 5000 MAh, Blue + Free SWY30","KSh 24,199"
Generic Mens Winter Jacket Coat Plug Cotton Waistcoats Warm Couple Slim Fit Vest Jackets Male Casual Sleeveless Down Vests Coats,"KSh 3,197"
Generic SUPER SODA LEMON LIME 3mg High VG E-Liquid For Vaping 120ML,"KSh 1,850"
Generic Cake Decorating Turntable K Icing Nozzles Pen Spatula Stand,"KSh 3,849"
Generic Customized Motivational Words Mouse Pad,KSh 399
Sossi Soya Mince  -  40g,KSh 30
HOMMY 2 COLUMN PORTABLE WARDROBE,"KSh 2,149"
Fashion Futuristic Narrow Multicolor Mirrored Black Frame Black Mirrored,KSh 330
Fashion 8Pcs Makeup Brushes Set With Free Makeup Sponge,KSh 335
Generic HD Anti-scratch Tempered Glass Screen Protector For OPPO A3 A37 A57 A7 A71 A83,KSh 83 - KSh 88
Easiness MENS BRIEFS 722P-1,"KSh 1,090"
Generic Popular 5 In 1 Baby Diaper BAG- Blue Polka,"KSh 1,990"
McVities McVities Oat Crunch 300g,KSh 410
Generic Photography Softbox Lighting Kit 50x70CM,"KSh 3,000"
Power King 4 Way Power Extension Cable - White + Free Gifts,KSh 550
Generic ACS 30kg Digital Weighing Scale,"KSh 3,495"
Fashion Light Bomba Jacket-Black (badges Varies),"KSh 1,300"
erovita One Step Urine Pregnancy Test Strips - Wholesale - Home Kit,"KSh 320 - KSh 2,750"
CTC 24 INCH LED DIGITAL TV -USB AND HDMI + AERIAL,"KSh 9,618"
Fashion Ladies--Tote Bag--Shoulder Bag--Hand Bag,KSh 580
Generic Natural Magnetic False Eyelashes Kit 5 Pairs,KSh 459
Vision Smart Digital Remote Control,KSh 900
Fashion Ladies Rubber Shoes,KSh 999
Fashion Elegant Unisex Ankara Loafers-,"KSh 1,499"
Fluffy 5*8 Fluffy Carpets,"KSh 2,558"
Fashion Big Size Mens Running Shoes Sports Trainers-Red,"KSh 3,640"
Fashion Multicolor Basketball Pattern Cute Boys Sports-Cymbidium,KSh 251
Generic Stick On Wall Clock DIY Large Modern Design Decal 3D,KSh 450
Non Stop Sexual Power + Stamina Herbal Extract,"KSh 1,799"
Fashion Earrings Cool Anti-rust Punk Style Non Piercing Magnetic Men Ear Studs For Bar Club-Silver,KSh 70
Generic Bluetooth Speaker Music Bulb Remote Control,KSh 599
Fashion Short Wallet Ladies Wallet Tassel Buckle Coin Purse,KSh 399
"Ampex Superwoofer,Hitechmedia Bluetooth,USB,FM-8500watt","KSh 3,650"
Generic Universal Handfree Sport Bluetooth Wireless Headset-Blue,KSh 440
Fashion Ladies Sneakers-Navy Blue/pink,"KSh 1,399"
Jumia Books The Silent Patient - Alex Michaelides,"KSh 1,111"
Softcare Baby Wet Wipes 80pcs Value Pack (×2),KSh 550
Generic Unique Cute Cat/kitten Valentine Birthday Ceramic Coffee Cup(white/silver),KSh 450
Generic 6X6 Fleece Throw Blanket,"KSh 1,499"
Fashion Big Size Mens Running Shoes Sports Trainers-White,"KSh 3,640"
"Generic Galaxy A33 5G Case, Soft TPU Built-in Screen Protector Full Body Protection Case Cover For Samsung Galaxy A33 5G",KSh 865
"Generic Stainless Steel Round Sieve, Grey",KSh 499
